Workbook

Sheet Dados
H2: Habilidades por Classe
B3: Check-list | D3: Prioridade | F3: Habilidades - Estágio | H3: Classes | I3: Skil 1 | J3: Skil 2 | K3: Skil 3 | L3: Skil 4 | M3: Skil 5 | N3: Skil 6 | O3: Skill 7 - Guarda | P3: Skill 8 - Reforço | Q3: Skil 9
B4: Não Iniciado | D4: Muito Alta | F4: M | H4: Guerreiro Arahan | I4: Lâmina Espiritual | J4: Vórtice | K4: Fúria | L4: Investida Rápida | M4: Sequencia do Golpes | N4: Força Vital | O4: LIVRE | P4: Vortice | Q4: Terremoto
B5: Em Andamento | D5: Alta | F5: G | H5: Guerreiro Partizan | I5: Técnica Cortante | J5: Tremor | K5: Impacto Terreste | L5: Disparo de Energia | M5: Espada Celeste | N5: Defesa Superior | O5: LIVRE | P5: Técnica Cortante | Q5: Terremoto
B6: Finalizado | D6: Média | F6: P | H6: Shura Miragem | I6: Lamina Sombria | J6: Medo | K6: Ciclone | L6: Palmo de Energia | M6: Dissipar Magia | N6: Aura negra | O6: LIVRE | P6: Palmo de Energia | Q6: Golpe Infernal
D7: Baixa | H7: Shura Magia Negra | I7: Evocar Elemental | J7: Fogo das Sombras | K7: Espiral da Escuridão | L7: Proteção Sobrenatural | M7: Esfera Espiritual | N7: Ataque Espiritual | O7: LIVRE | P7: Esfera Espiritual | Q7: Onda da Morte
H8: Ninja Adaga | I8: Punhalada Surpresa | J8: Acrobacia | K8: Avanço Ágil | L8: Veneno da Serpente | M8: Veneno Traiçoeiro | O8: LIVRE | P8: Punhalada | Q8: Luz Astral
H9: Ninja Arqueiro | I9: Flexa de Fogo | J9: Chuva de Flexas | K9: Flexa Venenosa | L9: Tiro Concentrado | M9: Passos Leves | N9: Faísca | O9: LIVRE | P9: Flecha de Fogo | Q9: Disparo Tormenta
B10: Habilidade Guarda | H10: Shaman Dragão | I10: Dragão Veloz | J10: Rugido do Dragão | K10: Energia Concentrada | L10: Escudo de Dragão | M10: Escudo Espelhado | N10: Olhos de Dragão | O10: LIVRE | P10: Dragão Veloz | Q10: Meteoro
B11: Vortice - Guarda | H11: Shaman Relampago | I11: Campo Estático | J11: Lança Elétrica | K11: Corrente Elétrica | L11: Curar Ferimentos | M11: Passos de Pluma | N11: Encantamentos Naturais | O11: LIVRE | P11: Campo Estático | Q11: Proteção de Éter
B12: Punhalada - Guarda | H12: Lycan | I12: Alma do Lobo Índigo | J12: Alma do Lobo Rubro | K12: Retalhar | L12: Mergulho do Lobo | M12: Garra do Lobo | N12: Sopro do Lobo | O12: LIVRE | P12: Sopro do Lobo | Q12: Tempestade de Garras
B13: Dragão Veloz - Guarda
B14: Técnica Cortante - Guarda
B15: Flecha de Fogo - Guarda
B16: Esfera Espiritual - Guarda
B17: Campo Estático - Guarda
B18: Sopro do Lobo - Guarda
B23: Fazer o que você pode
B24: Evolua por partes
B25: Oportunidades
B26: Melhorar todas semanas

Sheet Home

Sheet Info
C2: Se você tem desejo de participar das guerras assim como eu, esse guia irá servir de base para você tem um passo a passo do que precisa fazer. Então, vamos nessa !
C4: Projeto - High LvL | War
C5: Classe: Guerreiro | Bispão
C8: Objetivo | D8: O que fazer
B9: 1 | C9: Criar o personagem | D9: LvL Up 1 ao 120 Gruta Gomi 1º: 1 - 40 Gruta Comi 3º: 40 - 75 Gruta Chun 2: 75 - 95 Floresta Encantada: Lvl95 - 120
B10: 2 | C10: Habilidades | D10: Escolher qual tipo de habilidade Colocar no estágio "P" | E10: Livros de Habilidade Exorcismo Feijão Zen Eremita Pedra Espiritual
B11: 3 | C11: Missões de bônus fixos no Personagem [Biologo]
C12: Missões de bônus fixos no Personagem [Onilah]
C13: Ambição
B14: 4 | C14: Equipamentos • Craft: - ELMO 80 + 9 - OK - Elmo IDAL 1x • Arma do 96 (Despertar) • Armadura Redução SKILL 4x15 Redução Classe • Refinação 0 ~+9 ~ +15 • Faixa Bônus ou Redução • Aura • Pingente PvP + 0 ~ + 200 Bônus verdes (5% ignorar arma + 10% Resistência contra humanóide + 10 Bônus contra Humanóides) Bônus amerelo (10% Bônus contra Humanóides + Ataque) • Luva do Poder Status + Redução Humanoide • Trajes Cabeça, Corpo e Arma | 5 Kit Trajes // Porém, tudo depende do quanto
B15: 5 | C15: Pedras do Dragão • Ruby - Possui Build TESTE • Diamante Resplandescente - Não Possui - Redução SKILL e Dano SKILL • Jade Resplandescente - Não Possui - % HP Safira Brilhante - Possui - 3 Reduções Onix Resplandescente - Não Possui - Bloquear Ataque Físico - Esquivar Flexas - Redução Critico - Redução Perfurar Granada Resplandescente - Possui
B16: 7
B17: 8 | C17: Gemas nos Itens
B18: 9 | C18: Ajuste de Reduções - Jollas

Sheet Roadmap Geral
B2: Seja bem-vindo à jornada. A partir daqui, cada etapa cumprida representa avanço real rumo ao objetivo final.
B7: Fase | C7: Fases | D7: Objetivo | E7: Status | F7: Prioridade | G7: Observação | H7: Link do Vídeo
B8: 1 | C8: Up 1 -120 | D8: LvL 120 | E8: Em Andamento | F8: Média | H8: https://www.youtube.com/@BispoShinsu
B9: 2 | C9: Habilidades | D9: Estágio P | E9: Em andamento | F9: Baixa | H9: https://www.youtube.com/@BispoShinsu
B10: 3 | C10: Biologo e Ohnilag | D10: Bônus permanentes | E10: Não Iniciado | F10: Alta | H10: https://www.youtube.com/@BispoShinsu
B11: 4 | C11: Pedras do Dragão | D11: Resplandecente/Brilhante | E11: Não Iniciado | F11: Muito Alta | G11: 1º Safira 2º Armadura 3º Colar | H11: https://www.youtube.com/@BispoShinsu
B12: 5 | C12: Equipamentos e Trajes | D12: Bônus e Reduções | E12: Não Iniciado | F12: Muito Alta | H12: https://www.youtube.com/@BispoShinsu
B13: 5.1 | C13: Elmo Idal | D13: Bônus e Reduções | E13: Não Iniciado | F13: Média | H13: https://www.youtube.com/@BispoShinsu
B14: 5.2 | C14: Armadura Redu. Skill | D14: Bônus e Reduções | E14: Não Iniciado | F14: Média | H14: https://www.youtube.com/@BispoShinsu
B15: 5.3 | C15: Arma do Despertar | D15: Bônus e Reduções | E15: Não Iniciado | F15: Média | H15: https://www.youtube.com/@BispoShinsu
B16: 5.4 | C16: Colar | D16: Bônus e Reduções | E16: Não Iniciado | F16: Média | H16: https://www.youtube.com/@BispoShinsu
B17: 5.5 | C17: Bracelete | D17: Bônus e Reduções | E17: Não Iniciado | F17: Média | H17: https://www.youtube.com/@BispoShinsu
B18: 5.6 | C18: Cinto classe | D18: Bônus e Reduções | E18: Não Iniciado | F18: Média | H18: https://www.youtube.com/@BispoShinsu
B19: 5.7 | C19: Escudo | D19: Bônus e Reduções | E19: Não Iniciado | F19: Média | H19: https://www.youtube.com/@BispoShinsu
B20: 5.8 | C20: Brinco | D20: Bônus e Reduções | E20: Não Iniciado | F20: Média | H20: https://www.youtube.com/@BispoShinsu
B21: 5.9 | C21: Bota | D21: Bônus e Reduções | E21: Não Iniciado | F21: Média | H21: https://www.youtube.com/@BispoShinsu
B22: 5.10 | C22: Faixa Bônus | D22: Bônus e Reduções | E22: Não Iniciado | F22: Média | H22: https://www.youtube.com/@BispoShinsu
B23: 5.11 | C23: Faixa Redução | D23: Bônus e Reduções | E23: Não Iniciado | F23: Média | H23: https://www.youtube.com/@BispoShinsu
B24: 5.12 | C24: Aura | D24: Bônus e Reduções | E24: Não Iniciado | F24: Média | H24: https://www.youtube.com/@BispoShinsu
... B27: 5.15 | C27: Trajes | D27: Bônus e Reduções | E27: Não Iniciado | F27: Média | H27: https://www.youtube.com/@BispoShinsu
B28: 6 | C28: Skill Passivas | D28: Estágio P | E28: Não Iniciado | F28: Baixa | H28: https://www.youtube.com/@BispoShinsu
B29: 7 | C29: Power Pet | D29: Redução classe e % vida | E29: Não Iniciado | F29: Média | H29: https://www.youtube.com/@BispoShinsu
B30: 8 | C30: Faixas e Aura | D30: Dano/Redução | E30: Não Iniciado | F30: Alta | H30: https://www.youtube.com/@BispoShinsu
B31: 9 | C31: Ajuste de Reduções | D31: Equilibrar as reduções | E31: Não Iniciado | F31: Muito Alta | H31: https://www.youtube.com/@BispoShinsu
B32: 10 | C32: Recursos de Guerra | D32: Pet, consumíveis e pacotes | E32: Não Iniciado | F32: Baixa | H32: https://www.youtube.com/@BispoShinsu

Sheet LvL e Skills
B6: Classe | C6: Guerreiro Partizan
B8: LvL atual | C8: 114 | E8: Skill | F8: Habilidade | G8: Estágio | H8: Status
B9: Meta | C9: 120 | E9: 1 | F9: =INDEX(Dados!$H$4:$Q$12,MATCH($C$6,Dados!$H$4:$H$12,),2) -> Técnica Cortante | G9: P | H9: =IFERROR(_xlfn.IFS(G9="M","Em Andamento",G9="G","Em Andamento",G9="P","Finalizado"),"") -> Finalizado
E10: 2 | F10: =INDEX(Dados!$H$4:$Q$12,MATCH($C$6,Dados!$H$4:$H$12,),3) -> Tremor | G10: M | H10: =IFERROR(_xlfn.IFS(G10="M","Em Andamento",G10="G","Em Andamento",G10="P","Finalizado"),"") -> Em Andamento
B11: %Concluído | C11: =C8/C9 -> 0.95 | E11: 3 | F11: =INDEX(Dados!$H$4:$Q$12,MATCH($C$6,Dados!$H$4:$H$12,),4) -> Impacto Terreste | G11: M | H11: =IFERROR(_xlfn.IFS(G11="M","Em Andamento",G11="G","Em Andamento",G11="P","Finalizado"),"") -> Em Andamento
E12: 4 | F12: =INDEX(Dados!$H$4:$Q$12,MATCH($C$6,Dados!$H$4:$H$12,),5) -> Disparo de Energia | G12: M | H12: =IFERROR(_xlfn.IFS(G12="M","Em Andamento",G12="G","Em Andamento",G12="P","Finalizado"),"") -> Em Andamento
E13: 5 | F13: =INDEX(Dados!$H$4:$Q$12,MATCH($C$6,Dados!$H$4:$H$12,),6) -> Espada Celeste | G13: M | H13: =IFERROR(_xlfn.IFS(G13="M","Em Andamento",G13="G","Em Andamento",G13="P","Finalizado"),"") -> Em Andamento
E14: 6 | F14: =INDEX(Dados!$H$4:$Q$12,MATCH($C$6,Dados!$H$4:$H$12,),7) -> Defesa Superior | G14: M | H14: =IFERROR(_xlfn.IFS(G14="M","Em Andamento",G14="G","Em Andamento",G14="P","Finalizado"),"") -> Em Andamento
B15: Livro Tomo da Guarda | C15: > Baú - Livro Guarda | E15: 7 | F15: Técnica Cortante - Guarda | G15: P | H15: =IFERROR(_xlfn.IFS(G15="M","Em Andamento",G15="G","Em Andamento",G15="P","Finalizado"),"") -> Finalizado
B16: Livro Tomo do Reforço | C16: > Baú - Livro Reforço | E16: 8 | F16: =INDEX(Dados!$H$4:$Q$12,MATCH($C$6,Dados!$H$4:$H$12,),9) -> Técnica Cortante | G16: P | H16: =IFERROR(_xlfn.IFS(G16="M","Em Andamento",G16="G","Em Andamento",G16="P","Finalizado"),"") -> Finalizado
E17: 9 | F17: =INDEX(Dados!$H$4:$Q$12,MATCH($C$6,Dados!$H$4:$H$12,),10) -> Terremoto | G17: P | H17: =IFERROR(_xlfn.IFS(G17="M","Em Andamento",G17="G","Em Andamento",G17="P","Finalizado"),"") -> Finalizado
E19: Skill | F19: Habilidade | G19: Estágio | H19: Status
E20: 1 | F20: Inspiração | G20: M | H20: =IFERROR(_xlfn.IFS(G20="M","Em Andamento",G20="G","Em Andamento",G20="P","Finalizado"),"") -> Em Andamento
E21: 2 | F21: Lideraça | G21: M | H21: =IFERROR(_xlfn.IFS(G21="M","Em Andamento",G21="G","Em Andamento",G21="P","Finalizado"),"") -> Em Andamento
E22: 3 | F22: Carisma | G22: M | H22: =IFERROR(_xlfn.IFS(G22="M","Em Andamento",G22="G","Em Andamento",G22="P","Finalizado"),"") -> Em Andamento
B24: Como upar com o máximo de XP

Sheet Missões
B6: Missão | C6: As quests do Girab Biólogo são as mais demoradas do game, porém você pode entragar a cada 08 horas. Além disso, o item Soro da Persuasão (Normal ou +) ajuda na aceitação dos itens entregues nas quests do Girab e Ohnilag e o item Espiral do Tempo (10%, 20%, 30%, 50% ou 100%) reduz o tempo de entrega. Essas quests são extremamente importantes para garantir o máximo desempenho do Personagem.
C8: Missões | D8: Check-List
B9: Biologo | C9: Quest Nível 30 10% de velocidade de movimento. (Eternamente) | D9: Finalizado
C10: Quest Nível 40 Bônus de +5% de Velocidade de Ataque. (Eternamente) | D10: Em Andamento
C11: Quest Nível 50 Bônus de +60 de defesa. (Eternamente) | D11: Em Andamento
C12: Quest Nível 60 Bônus de +50 de Ataque. (Eternamente) | D12: Não Iniciado
C13: Quest Nível 70 +11 de Velocidade de Movimento, +10% em Força defensiva (redução a dano). (Eternamente) | D13: Não Iniciado
C14: Quest Nível 80 Bônus de +5% na Velocidade de Ataque(não é +6 como mostra no início da recompensa), Bônus de 10% na Força de Ataque/Dano? (Eternamente) | D14: Não Iniciado
C15: Quest Nível 85 Bônus de 10% de Resistência a classes. (Eternamente) | D15: Não Iniciado
C16: Quest Nível 90 Recompensa: Bônus de 8% contra as classes. (Eternamente) | D16: Não Iniciado
B17: Ohnilag | C17: Quest Nível 92 Dropar: 10 Jóias da Malevolência Recompensa: Você deve escolher uma das seguintes recompensas abaixo: HP +1000 Ataque +51 Defesa +120 | D17: Não Iniciado
C18: Quest Nível 94 Dropar: 20 Jóias da Sabedoria (Após entregar as 20 unidades da jóia, você terá que enfrentar o Dragão da Água e dropar o item Pedra da Alma e entregar ao Ohnilag) Recompensa: Você deve escolher uma das seguintes recompensas abaixo: HP +1100 Ataque +60 Defesa +140 | D18: Não Iniciado
C19: Quest Nível 100 | Ambição Item: Joia da Ambição Entregas: 50 unidades Cooldown: 8 horas Drop: MD: Dragão de Água | MD: Nemere | MD: Yamacheon | MD: Jotun Thrym | MD: Orcus Opções de Recompensa: Dano de Skill: +15% | Bônus contra Humanoides: +15 | Ataque Físico/Mágico: +13% | D19: Não Iniciado

Sheet Equipamentos e Build
B2: Dentro do PvP High LvL a tendência é você ter os 5 SETs para as 5 Classes.
B3: Contudo, basta apenas 1 bem feito para poder começar a disputar o bônus junto ao seu Reino.
B9: Item | C9: Refino/Bônus | D9: Bônus Ideal | E9: Status | F9: Observação
B10: Elmo Idal | C10: +9 | D10: 10% Bônus Contra Humanóide 15% Redução Magia 15% ~ 20% Bônus Classe | E10: Não Iniciado
B11: Elmo Idal | C11: Bônus Conjunto | D11: Real/Majestoso | E11: Não Iniciado
B12: Armadura Redu. Skill | C12: +9 | D12: 4x15 Redução Classe Redução Arma | E12: Não Iniciado
B13: Armadura Redu. Skill | C13: Bônus Conjunto | D13: Real/Majestoso | E13: Não Iniciado
B14: Arma do 96 | C14: +15 | D14: 10% Bônus Contra Humanóide 12 Pontos de Status 15% ~ 20% Bônus Classe % Bônus Elemento | E14: Não Iniciado
B15: Arma do 96 | C15: Bônus Conjunto | D15: Real/Majestoso | E15: Não Iniciado
B16: Colar de Ouro ou qualquer um 4x15 | C16: +9 | D16: 4x15 Redução Classe | E16: Não Iniciado
B17: Bracelete depende | C17: +9 | D17: Classe | E17: Não Iniciado
B18: Cinto Depende | C18: +9 | D18: Classe | E18: Não Iniciado
B19: Escudo Depende | C19: +9 | D19: Classe/Sangrento | E19: Não Iniciado
B20: Brinco Ruby | C20: +9 | D20: Redução Espada Redução Garra Bônus Humanoide | E20: Não Iniciado
B21: Bota Oceânica | C21: +9 | D21: Redução Espada Redução Espada de Duas Mãos Redução Garra Redução Bônus 1500/2000 HP Não coloca redução adaga por que ninja já vai bugado | E21: Não Iniciado
... B27: Trajes | C27: - | D27: 2000 Hp 50 Ataque 20% Velo.Skill 10% Classe 50 Ataque / 5 Status / 10% Classe | E27: Não Iniciado
B29: Power Pet | C29: Especialista em: | E29: Demais Pets
B30: Barbatos | C30: 13%-14% Ninja 13%-14% Shura 13%-14% Shaman 12% Demais Classes | E30: Site
B31: Beserker | C31: 13%-14% Guerreiro 13%-14% Ninja 13%-14% Shaman 12% Demais Classes
B32: Gembu | C32: 13%-14% Guerreiro 13%-14% Ninja 13%-14% Lycan 12% Demais Classes
B33: Executor | C33: Berserker +8-16% 12% Demais Classes
B35: Pet
B36: HP Máximo: +2000 Ataque Físico/Ataque Mágico: +15% Bônus contra Humanoides: +20%
B38: Recursos PvP | D38: Informações
B39: Energético 10% | D39: Aumenta por duas horas os bónus dos itens equipados até 10%.
B40: Porção da City 2 | D40: Jin-Whar: 50 ATK Pidok: 10% Crítico Doraji: 5 FOR Whar: 10% Perfurar Jin-Bowhan: 10% Redução Magia
B41: Porções + | D41: Ataque+ | Defesa+ | Vida+ | Status+ Palma de Precisão + e Perfurante +
B42: Bracelete do Tigre | D42: Bônus Contra Humanóide 20% | 15% Crítico
B43: Anel Lua Crescente | D43: HP Máximo: +10% Dano de Skill: +10% Resistência a Dano: 10% Velocidade de Skill: +20% Chance de Ataque Crítico: +15% Chance bloq. Ataque Físico: +10% Bônus contra Humanoides: +20%
B44: Pacote Ouro | D44: Porções ativas: Vida Deus Dragão* | Ataq. Deus Dragão* | Saber Deus Dragão* | Def. Deus Dragão* | Aux. Deus Dragão* | Palma da Precisão* | Palma Perfurante* | Manto da Bravura* | Poção do Rato* | Poção do Galo* | Poção do Coelho* | Poção do Porco* | Poção da Serpente* | Poção do Boi* | Poção Guepardo* | Poção Puma
B45: Sushi de Salmão (Atk)
B46: Peixes (FOR e DEX)
B47: Fogos de artifício ou Pião (Stun) | D47: Chance de Atordoa Oponente 5%
B48: Pot cash | D48: Baú da Vitalidade Unidade: 15 Quantidade: 200 Total: 3.000 Poções Regeneradoras (P)
B50: Recursos PvP | Macro
B51: Teclado

Sheet Pedras do Dragão
B6: Pedra | C6: Grau | D6: Bônus | E6: Ideal PvP | F6: Prioridade | G6: Custo Estimado | H6: Comprado | I6: Observação
B7: Safira | C7: Mítico | D7: Replandecente: Bônus e Redução Terra: 16% Res. a danos de Guerreiro/Ninja/Sura/Xamã/Lycan +24% Bônus: Forte contra Guerreiro/Ninja/Sura/Xamã/Lycan +24% Brilhante: Bônus e Redução Terra: 12% Res. a danos de Guerreiro/Ninja/Sura/Xamã/Lycan +18% Forte contra Guerreiro/Ninja/Sura/Xamã/Lycan +18% | E7: Brilhante ou Resplandecente com: Redução 03 classe | F7: 1 | G7: Brilhante: 200w a 300w Resplandecente: 4000w a 6000w | H7: Sim | I7: Com a Safira Resplandecente existe a possibilidade de usar uma BUILD com JOLLA 10% Bônus 5% redução/50 ATK.
B8: Diamante | C8: Mítico | D8: Bônus e Redução Gelo: 16% Resistência a Skill: +24% Dano de Skill: +24% Proteção Mágica: +24 Ataque Mágico: +24 | E8: Resplandecente Dano a SKILL Redução a SKILL + Guerreiro: Proteção Mágica Shura: Ataque Mágico Shaman: Ataque Mágico Ninja: Proteção Mágica Lycan: Proteção Mágica | F8: 2 | G8: 700 w | H8: Não
B9: Ruby | C9: Mítico | D9: Bônus e Redução Fogo: 16% Resistência a Dano: 24% Ataque: +480 Dano: 24% Defesa: +320 | E9: Resplandecente: Resistência a Dano: 24% Ataque: +480 Dano: 24% | F9: 3 | G9: 1000w | H9: Não
B10: Jade | C10: Mítico | D10: Bônus e Redução Vento: 16% 16% dos danos serão absorvidos pela VD 8% Probabilidade de restaurar VD Regeneração de VD: +16% HP Máximo: +4.800 HP Máximo +32% | E10: Brilhante/Resplandecente: HP Máximo: +4.800 HP Máximo +32% | F10: 4 | G10: Brilhante: 80w a 140w Resplandecente Semi-Perfeita: 600w Resplandecente Perfeita: 600w a 1200w | H10: Não
B11: Onix | C11: Mítico | D11: Resplandecente: Bônus e Redução Trevas: 16% Probabilidade de bloquear ataques físicos 16% 16% Probabilidade de refletir ataques físicos Resistência a Golpes Perfurantes +16% 16% Probabilidade de evitar flechas Resistência a Golpes Críticos +16% Brilhante: Bônus e Redução Trevas: 12% Probabilidade de bloquear ataques físicos 12% 12% Probabilidade de refletir ataques físicos Resistência a Golpes Perfurantes +12% 12% Probabilidade de evitar flechas Resistência a Golpes Críticos +12% | E11: Brilhante/Resplandecente: 1º Opção: Bloquear, esquivar e crítico ou 2º Opção: Bloquear, crítico e perfurar 3º Opção: Bloquear e crítico (verificar se é viável) | F11: 5 | G11: Brilhante: 100w a 150w Resplandecente: 500w | H11: Não
B12: Granada | C12: Mítico | D12: Bônus e Redução Relampago: 16% 16% dos danos serão absorvidos pelo MP +8% Chance de Restaurar MP Regeneração de MP: +16% MP Máximo: +2.400 MP Máximo: +32% | E12: Resplandecente com ou sem bônus. | F12: 6 | G12: 80w a 100w | H12: Não

Sheet Controle de Custos

Sheet Registro de Erros
